1. How likely are you to seek advice from an AI chatbot for mental health issues?,2. Rate your level of trust in AI-driven mental health applications to protect your privacy and data?,3. How concerned are you as a patient about the potential loss of the human connection in psychotherapy when using AI-driven tools?,"4. In your opinion, what are the potential benefits of using AI in healthcare?",5. What do you consider the most significant challenges in using AI for psychotherapy or mental health support?,"6. In scenarios where AI-based diagnostics differ from traditional assessments, how concerned are you about the accuracy and ethical implications?","7. In your experience, have you ever encountered any AI-based mental health applications that effectively addressed your psychological or emotional needs? If yes, how satisfied have you been with the personalization and customization of AI-based mental health services you've used?",8. Do you believe that AI can play a role in reducing the stigma associated with seeking mental health support?,"9. What amount of time do you currently dedicate to managing your mental health, and how do you envision AI accessibility might impact the time you allocate to mental health practices in the future?","10. Do you believe that if AI achieves human-level intellect, there is a risk that AI systems will like contribute to the emergence of new mental health problems?","11. Will the implementation of AI in therapy impact the cost of mental health services, such as through subscription-based models or other cost-reduction methods within AI-driven mental health solutions?",Submission ID
4,3,3,Streamlined administrative tasks,Limited personalization,8,1,YES,More than 4 hrs/per week,3,YES,5753647039679430000
5,3,6,Faster and more efficient healthcare delivery,Lack of human understanding and empathy,4,4,YES,0-2 hrs/per week,4,YES,5753742906619650000
3,6,9,"Streamlined administrative tasks
Faster and more efficient healthcare delivery","Lack of human understanding and empathy
Lack of immediate crisis intervention capability",8,9,NO,More than 4 hrs/per week,7,YES,5753745379123040000
7,10,6,"Enhanced treatment planning
Improved accuracy in diagnosis
Faster and more efficient healthcare delivery","Lack of human understanding and empathy
Algorithmic biases
Limited personalization",7,5,YES,0-2 hrs/per week,10,YES,5753767994212100000
5,3,5,No significant benefits,"Lack of human understanding and empathy
Ethical and privacy concerns
Algorithmic biases
Limited personalization
Lack of immediate crisis intervention capability",5,1,NO,0-2 hrs/per week,1,YES,5753768864511200000
6,8,6,"Enhanced treatment planning
Improved accuracy in diagnosis","Lack of human understanding and empathy
Algorithmic biases
Limited personalization",8,8,YES,0-2 hrs/per week,6,YES,5753777517734640000
1,1,1,"Enhanced treatment planning
Improved accuracy in diagnosis","Lack of human understanding and empathy
Limited personalization",3,1,NO,0-2 hrs/per week,10,NO,5753779884161160000
1,4,8,"Streamlined administrative tasks
No significant benefits",Lack of immediate crisis intervention capability,1,1,NO,0-2 hrs/per week,1,NO,5753781095408140000
7,5,8,Enhanced treatment planning,Lack of human understanding and empathy,6,7,NO,0-2 hrs/per week,9,YES,5753783484635770000
1,3,3,Enhanced treatment planning,Lack of human understanding and empathy,4,3,YES,0-2 hrs/per week,3,YES,5753797275752420000
5,1,9,No significant benefits,Lack of human understanding and empathy,3,1,NO,More than 4 hrs/per week,10,NO,5753806158918900000
4,3,2,"Improved accuracy in diagnosis
Faster and more efficient healthcare delivery","Lack of human understanding and empathy
Ethical and privacy concerns
Limited personalization",6,1,YES,2-4 hrs/per week,8,YES,5753806742171410000
1,6,10,No significant benefits,"Lack of human understanding and empathy
Limited personalization",10,1,YES,0-2 hrs/per week,1,NO,5753821410006040000
1,1,5,Faster and more efficient healthcare delivery,"Lack of human understanding and empathy
Ethical and privacy concerns
Algorithmic biases
Lack of immediate crisis intervention capability",5,2,YES,0-2 hrs/per week,6,YES,5753839530005710000
3,7,10,"Enhanced treatment planning
Improved accuracy in diagnosis
Streamlined administrative tasks","Lack of human understanding and empathy
Lack of immediate crisis intervention capability",5,6,YES,0-2 hrs/per week,10,YES,5753864658754060000
4,4,6,"Enhanced treatment planning
Improved accuracy in diagnosis
Streamlined administrative tasks
Faster and more efficient healthcare delivery","Ethical and privacy concerns
Algorithmic biases
Lack of immediate crisis intervention capability",6,6,YES,0-2 hrs/per week,6,YES,5753866904399610000
1,4,10,"Enhanced treatment planning
Faster and more efficient healthcare delivery",Algorithmic biases,10,7,NO,0-2 hrs/per week,1,NO,5753891620371420000
7,8,7,"Improved accuracy in diagnosis
Faster and more efficient healthcare delivery",Lack of human understanding and empathy,6,8,YES,0-2 hrs/per week,9,YES,5753911182029680000
1,1,3,Streamlined administrative tasks,Lack of human understanding and empathy,4,5,NO,0-2 hrs/per week,7,NO,5753942894202220000
6,4,9,"Enhanced treatment planning
Improved accuracy in diagnosis
Faster and more efficient healthcare delivery","Lack of human understanding and empathy
Ethical and privacy concerns
Limited personalization",9,4,YES,0-2 hrs/per week,8,YES,5753944786339440000
7,7,7,Faster and more efficient healthcare delivery,"Lack of human understanding and empathy
Ethical and privacy concerns",7,7,YES,0-2 hrs/per week,9,YES,5753946801965480000
9,7,8,"Enhanced treatment planning
Improved accuracy in diagnosis
Faster and more efficient healthcare delivery","Ethical and privacy concerns
Algorithmic biases
Limited personalization",8,8,YES,2-4 hrs/per week,8,YES,5753962995124940000
4,4,7,"Enhanced treatment planning
Improved accuracy in diagnosis","Lack of human understanding and empathy
Ethical and privacy concerns
Limited personalization",6,5,YES,2-4 hrs/per week,5,YES,5753970423985290000
1,1,10,Improved accuracy in diagnosis,"Lack of human understanding and empathy
Limited personalization
Lack of immediate crisis intervention capability",10,1,YES,More than 4 hrs/per week,10,NO,5753971816439080000
7,3,4,"Enhanced treatment planning
Improved accuracy in diagnosis",Ethical and privacy concerns,6,1,YES,2-4 hrs/per week,7,YES,5753976741227810000
7,8,7,No significant benefits,Lack of human understanding and empathy,9,1,NO,0-2 hrs/per week,10,YES,5753988586114910000
1,3,8,Streamlined administrative tasks,"Lack of human understanding and empathy
Limited personalization
Lack of immediate crisis intervention capability",8,3,NO,0-2 hrs/per week,3,YES,5753990789182570000
2,2,9,"Enhanced treatment planning
Improved accuracy in diagnosis
Faster and more efficient healthcare delivery","Lack of human understanding and empathy
Ethical and privacy concerns
Algorithmic biases
Limited personalization",5,3,YES,0-2 hrs/per week,5,YES,5753996517538600000
1,2,5,"Enhanced treatment planning
Improved accuracy in diagnosis
Streamlined administrative tasks
Faster and more efficient healthcare delivery","Lack of human understanding and empathy
Ethical and privacy concerns
Algorithmic biases
Lack of immediate crisis intervention capability",6,4,YES,0-2 hrs/per week,8,YES,5754006212412060000
4,4,4,"Streamlined administrative tasks
Faster and more efficient healthcare delivery","Lack of human understanding and empathy
Ethical and privacy concerns",4,2,YES,0-2 hrs/per week,5,YES,5754007368122340000
4,7,8,Faster and more efficient healthcare delivery,"Lack of human understanding and empathy
Limited personalization",6,7,NO,0-2 hrs/per week,4,YES,5754012210229810000
10,10,10,"Enhanced treatment planning
Improved accuracy in diagnosis
Streamlined administrative tasks
Faster and more efficient healthcare delivery",None,10,10,YES,2-4 hrs/per week,10,YES,5754042958327070000
1,4,3,"Enhanced treatment planning
Improved accuracy in diagnosis
Faster and more efficient healthcare delivery","Lack of human understanding and empathy
Ethical and privacy concerns",3,4,YES,More than 4 hrs/per week,5,YES,5754057395169680000
5,5,4,No significant benefits,Lack of human understanding and empathy,7,3,NO,2-4 hrs/per week,6,YES,5754065200353420000
2,2,4,Streamlined administrative tasks,"Lack of human understanding and empathy
Ethical and privacy concerns
Algorithmic biases
Limited personalization
Lack of immediate crisis intervention capability",2,1,NO,More than 4 hrs/per week,10,NO,5754076448021500000
1,5,5,"Enhanced treatment planning
Improved accuracy in diagnosis
Streamlined administrative tasks
Faster and more efficient healthcare delivery","Lack of human understanding and empathy
Ethical and privacy concerns
Algorithmic biases
Limited personalization
Lack of immediate crisis intervention capability",5,3,YES,0-2 hrs/per week,8,YES,5754100873942280000
1,1,10,No significant benefits,Lack of human understanding and empathy,10,1,NO,0-2 hrs/per week,10,YES,5754101920005450000
1,1,1,No significant benefits,Lack of immediate crisis intervention capability,1,1,NO,0-2 hrs/per week,1,NO,5754105668354200000
4,4,9,Faster and more efficient healthcare delivery,"Lack of human understanding and empathy
Ethical and privacy concerns
Algorithmic biases
Limited personalization
Lack of immediate crisis intervention capability",7,6,YES,2-4 hrs/per week,6,YES,5754107427852130000
4,5,8,"Streamlined administrative tasks
Faster and more efficient healthcare delivery","Lack of human understanding and empathy
Ethical and privacy concerns
Lack of immediate crisis intervention capability",6,1,YES,0-2 hrs/per week,4,YES,5754111432526890000
3,10,10,For finding the source of information and the physicians using it assimilate their understanding,Lack of human understanding and empathy,1,1,YES,0-2 hrs/per week,1,YES,5754114652811150000
6,6,10,Improved accuracy in diagnosis,Lack of human understanding and empathy,9,8,YES,0-2 hrs/per week,6,YES,5754116411017830000
8,5,5,Faster and more efficient healthcare delivery,"Lack of human understanding and empathy
Algorithmic biases",5,5,YES,0-2 hrs/per week,5,YES,5754116542291170000
8,8,8,Faster and more efficient healthcare delivery,Limited personalization,9,8,YES,0-2 hrs/per week,8,YES,5754123469221100000
1,1,10,Enhanced treatment planning,Lack of human understanding and empathy,3,1,YES,0-2 hrs/per week,10,YES,5754123890004290000
8,10,10,"Enhanced treatment planning
Improved accuracy in diagnosis
Streamlined administrative tasks
Faster and more efficient healthcare delivery","Ethical and privacy concerns
Algorithmic biases",10,10,YES,0-2 hrs/per week,10,YES,5754126702924420000
7,6,8,Faster and more efficient healthcare delivery,"Lack of human understanding and empathy
Lack of immediate crisis intervention capability",8,5,YES,0-2 hrs/per week,7,YES,5754132616223610000
1,1,6,No significant benefits,"Ethical and privacy concerns
Lack of immediate crisis intervention capability",3,1,NO,0-2 hrs/per week,8,NO,5754133360023630000
7,8,10,Faster and more efficient healthcare delivery,Lack of human understanding and empathy,8,6,YES,0-2 hrs/per week,5,YES,5754149406916360000
8,6,7,"Improved accuracy in diagnosis
Streamlined administrative tasks","Lack of human understanding and empathy
Limited personalization",8,5,YES,0-2 hrs/per week,6,YES,5754149880003290000
4,5,7,"Enhanced treatment planning
Streamlined administrative tasks
Faster and more efficient healthcare delivery",Lack of human understanding and empathy,5,5,NO,0-2 hrs/per week,5,NO,5754156057331240000
8,8,8,"Enhanced treatment planning
Improved accuracy in diagnosis
Streamlined administrative tasks
Faster and more efficient healthcare delivery",Algorithmic biases,8,8,YES,0-2 hrs/per week,6,YES,5754161364937370000
10,10,10,"Enhanced treatment planning
Improved accuracy in diagnosis
Streamlined administrative tasks
Faster and more efficient healthcare delivery
No significant benefits","Lack of human understanding and empathy
Ethical and privacy concerns
Limited personalization
Lack of immediate crisis intervention capability",10,10,YES,2-4 hrs/per week,10,YES,5754162659733030000
5,5,2,"Streamlined administrative tasks
Faster and more efficient healthcare delivery",Lack of human understanding and empathy,4,6,NO,0-2 hrs/per week,4,YES,5754166618186360000
5,9,8,"Improved accuracy in diagnosis
Faster and more efficient healthcare delivery","Lack of human understanding and empathy
Algorithmic biases",7,4,YES,0-2 hrs/per week,6,YES,5754171928322210000
1,1,1,No significant benefits,"Lack of human understanding and empathy
Ethical and privacy concerns
Algorithmic biases
Limited personalization
Lack of immediate crisis intervention capability",10,1,NO,2-4 hrs/per week,1,NO,5754172785326030000
3,2,9,No significant benefits,"Lack of human understanding and empathy
Ethical and privacy concerns
Algorithmic biases
Limited personalization",6,3,NO,More than 4 hrs/per week,5,YES,5754189291276150000
1,3,3,No significant benefits,Lack of human understanding and empathy,3,1,NO,0-2 hrs/per week,1,NO,5754210460009260000
8,6,8,"Enhanced treatment planning
Improved accuracy in diagnosis
Streamlined administrative tasks
Faster and more efficient healthcare delivery","Lack of human understanding and empathy
Ethical and privacy concerns
Algorithmic biases
Limited personalization
Lack of immediate crisis intervention capability",8,8,YES,0-2 hrs/per week,9,YES,5754257142148250000
10,10,1,More profit for the system,AI tends to make shit up.,1,10,NO,More than 4 hrs/per week,10,NO,5754268856778220000
8,7,4,"Improved accuracy in diagnosis
Faster and more efficient healthcare delivery","Lack of human understanding and empathy
Limited personalization
Lack of immediate crisis intervention capability",8,5,YES,2-4 hrs/per week,7,YES,5754269628114160000
1,5,5,No significant benefits,Lack of immediate crisis intervention capability,1,1,NO,0-2 hrs/per week,1,NO,5754272053222390000
1,2,4,"Streamlined administrative tasks
Faster and more efficient healthcare delivery","Ethical and privacy concerns
Limited personalization
Lack of immediate crisis intervention capability",7,5,YES,0-2 hrs/per week,7,YES,5754273434861380000
7,5,7,"Improved accuracy in diagnosis
Streamlined administrative tasks
Faster and more efficient healthcare delivery","Lack of human understanding and empathy
Limited personalization",6,5,NO,0-2 hrs/per week,10,NO,5754275340006860000
1,2,10,Faster and more efficient healthcare delivery,"Algorithmic biases
Lack of immediate crisis intervention capability",5,1,NO,0-2 hrs/per week,10,YES,5754307067584400000
4,1,5,"Improved accuracy in diagnosis
Streamlined administrative tasks
Faster and more efficient healthcare delivery","Ethical and privacy concerns
Algorithmic biases
Limited personalization
Lack of immediate crisis intervention capability",10,1,NO,0-2 hrs/per week,9,YES,5754318235525540000
3,2,10,"Enhanced treatment planning
Improved accuracy in diagnosis","Lack of human understanding and empathy
Limited personalization
Lack of immediate crisis intervention capability",7,3,YES,0-2 hrs/per week,8,NO,5754324112323930000
5,5,6,"Enhanced treatment planning
Improved accuracy in diagnosis
Streamlined administrative tasks
Faster and more efficient healthcare delivery",Lack of human understanding and empathy,5,5,YES,2-4 hrs/per week,6,YES,5754343003238090000
2,2,2,Enhanced treatment planning,Lack of human understanding and empathy,6,1,NO,0-2 hrs/per week,1,YES,5754344361918260000
4,7,2,"Enhanced treatment planning
No significant benefits","Lack of human understanding and empathy
Algorithmic biases
Limited personalization",8,1,NO,0-2 hrs/per week,2,YES,5754344533811640000
7,9,8,"Enhanced treatment planning
Improved accuracy in diagnosis
Streamlined administrative tasks
Faster and more efficient healthcare delivery","Lack of human understanding and empathy
Ethical and privacy concerns
Algorithmic biases
Limited personalization
Lack of immediate crisis intervention capability",9,9,YES,2-4 hrs/per week,7,YES,5754345540581060000
4,9,9,No significant benefits,Lack of human understanding and empathy,4,10,YES,0-2 hrs/per week,10,YES,5754347754005760000
4,4,4,"Improved accuracy in diagnosis
Streamlined administrative tasks
Faster and more efficient healthcare delivery","Lack of human understanding and empathy
Algorithmic biases
Limited personalization
Lack of immediate crisis intervention capability",5,4,YES,0-2 hrs/per week,5,YES,5754348794966420000
7,7,8,Streamlined administrative tasks,"Limited personalization
Lack of immediate crisis intervention capability",8,6,YES,2-4 hrs/per week,8,YES,5754366178281980000
7,4,5,Enhanced treatment planning,Lack of human understanding and empathy,5,5,YES,0-2 hrs/per week,7,YES,5754427857337820000
1,1,1,No significant benefits,Lack of human understanding and empathy,6,7,NO,0-2 hrs/per week,6,YES,5754435430012840000
5,4,10,No significant benefits,Ethical and privacy concerns,4,4,YES,2-4 hrs/per week,4,YES,5754450575744510000
8,8,8,"Enhanced treatment planning
Streamlined administrative tasks","Lack of human understanding and empathy
Algorithmic biases
Lack of immediate crisis intervention capability",9,6,YES,2-4 hrs/per week,5,YES,5754457422533180000
4,7,3,"Enhanced treatment planning
Improved accuracy in diagnosis
Streamlined administrative tasks
Faster and more efficient healthcare delivery","Lack of human understanding and empathy
Algorithmic biases
Lack of immediate crisis intervention capability",5,4,YES,2-4 hrs/per week,5,YES,5754481840098190000
8,2,9,"Improved accuracy in diagnosis
Streamlined administrative tasks
Faster and more efficient healthcare delivery","Lack of human understanding and empathy
Ethical and privacy concerns
Lack of immediate crisis intervention capability",10,3,NO,0-2 hrs/per week,4,YES,5754490850775150000
1,3,3,Streamlined administrative tasks,Ethical and privacy concerns,5,7,NO,2-4 hrs/per week,8,NO,5754494154869670000
3,1,10,Improved accuracy in diagnosis,Ethical and privacy concerns,10,4,NO,0-2 hrs/per week,10,NO,5754494919048700000
5,7,6,Faster and more efficient healthcare delivery,Algorithmic biases,6,6,NO,0-2 hrs/per week,7,YES,5754496790003260000
1,3,3,No significant benefits,"Lack of human understanding and empathy
Ethical and privacy concerns
Algorithmic biases
Limited personalization
Lack of immediate crisis intervention capability",9,3,NO,0-2 hrs/per week,10,YES,5754497950008390000
5,5,8,"Enhanced treatment planning
Streamlined administrative tasks
Faster and more efficient healthcare delivery","Algorithmic biases
Limited personalization",8,2,YES,0-2 hrs/per week,3,YES,5754498627802960000
3,4,10,"Improved accuracy in diagnosis
Faster and more efficient healthcare delivery","Lack of human understanding and empathy
Ethical and privacy concerns
Lack of immediate crisis intervention capability",10,2,YES,0-2 hrs/per week,10,YES,5754502749592000000
7,7,8,"Enhanced treatment planning
Improved accuracy in diagnosis
Streamlined administrative tasks
Faster and more efficient healthcare delivery","Ethical and privacy concerns
Algorithmic biases
Lack of immediate crisis intervention capability",5,4,NO,0-2 hrs/per week,5,YES,5754508808446810000
2,7,8,Streamlined administrative tasks,Ethical and privacy concerns,8,2,NO,More than 4 hrs/per week,8,YES,5754509275665700000
6,5,5,"Enhanced treatment planning
Faster and more efficient healthcare delivery","Lack of human understanding and empathy
Limited personalization",6,6,YES,0-2 hrs/per week,6,NO,5754512138057670000
2,5,7,"Improved accuracy in diagnosis
Streamlined administrative tasks","Lack of human understanding and empathy
Limited personalization
Lack of immediate crisis intervention capability",7,5,YES,0-2 hrs/per week,8,YES,5754520722651440000
3,5,9,"Enhanced treatment planning
Improved accuracy in diagnosis
Streamlined administrative tasks","Lack of human understanding and empathy
Lack of immediate crisis intervention capability",7,5,YES,0-2 hrs/per week,4,YES,5754521611294140000
2,2,4,No significant benefits,"Lack of human understanding and empathy
Ethical and privacy concerns
Algorithmic biases
Limited personalization",5,1,NO,0-2 hrs/per week,5,YES,5754532917121060000
8,8,8,"Enhanced treatment planning
Improved accuracy in diagnosis
Streamlined administrative tasks
Faster and more efficient healthcare delivery","Lack of human understanding and empathy
Lack of immediate crisis intervention capability",10,6,YES,0-2 hrs/per week,6,YES,5754589983261760000
7,4,7,Faster and more efficient healthcare delivery,"Lack of human understanding and empathy
Ethical and privacy concerns",10,5,YES,More than 4 hrs/per week,6,YES,5754607469042740000
5,6,5,Faster and more efficient healthcare delivery,Algorithmic biases,6,6,YES,0-2 hrs/per week,6,YES,5754612083796840000
10,6,6,Enhanced treatment planning,"Lack of human understanding and empathy
Ethical and privacy concerns",6,6,YES,2-4 hrs/per week,9,YES,5754619599047790000
10,6,5,Enhanced treatment planning,Lack of human understanding and empathy,6,5,YES,0-2 hrs/per week,5,YES,5754620119045870000
3,3,10,"Enhanced treatment planning
Improved accuracy in diagnosis",Lack of human understanding and empathy,6,4,YES,0-2 hrs/per week,8,YES,5754620699044770000
3,3,10,Enhanced treatment planning,Lack of human understanding and empathy,9,9,YES,0-2 hrs/per week,9,YES,5754621229046950000
2,5,9,Faster and more efficient healthcare delivery,Lack of human understanding and empathy,9,5,NO,0-2 hrs/per week,5,YES,5754743429763250000
4,5,6,"Enhanced treatment planning
Faster and more efficient healthcare delivery","Lack of human understanding and empathy
Ethical and privacy concerns",7,6,YES,0-2 hrs/per week,8,YES,5754845707558220000
10,10,10,Skynet can kill the stupid humans so smart robots take over,Humans canâ€™t comprehend the robots feelings,10,10,YES,0-2 hrs/per week,10,YES,5754858637394550000
2,6,5,"Improved accuracy in diagnosis
Faster and more efficient healthcare delivery","Lack of human understanding and empathy
Ethical and privacy concerns",4,5,NO,0-2 hrs/per week,7,NO,5754865207325890000
8,6,6,No significant benefits,Lack of human understanding and empathy,9,7,YES,0-2 hrs/per week,8,YES,5754899890002810000
5,2,10,"Enhanced treatment planning
Streamlined administrative tasks","Lack of human understanding and empathy
Ethical and privacy concerns
Algorithmic biases
Limited personalization",9,5,YES,0-2 hrs/per week,5,YES,5754906096932590000
10,7,9,"Enhanced treatment planning
Faster and more efficient healthcare delivery","Lack of human understanding and empathy
Lack of immediate crisis intervention capability",7,5,NO,0-2 hrs/per week,7,YES,5754943525134280000
6,1,10,"Streamlined administrative tasks
No significant benefits
but due to some misinformation input,it can misguide patients too!!","Lack of human understanding and empathy
Ethical and privacy concerns
Limited personalization
Lack of immediate crisis intervention capability
Misinformation",6,4,YES,2-4 hrs/per week,10,NO,5755175000195730000
1,1,10,Faster and more efficient healthcare delivery,Lack of human understanding and empathy,1,4,YES,2-4 hrs/per week,3,YES,5755185627159870000
3,8,9,Faster and more efficient healthcare delivery,Lack of human understanding and empathy,5,6,YES,2-4 hrs/per week,8,YES,5755224757367570000
8,5,10,Streamlined administrative tasks,"Lack of human understanding and empathy
Ethical and privacy concerns
Algorithmic biases
Limited personalization",8,6,YES,0-2 hrs/per week,10,YES,5755258132987410000
